Date,Open,High,Low,Volume,Close
2020-01-02,0.8798385035931422,0.8836638960743424,0.875534915675789,4685741,0.8788821697235107
2020-01-03,0.8702750243626088,0.8702750243626088,0.8425409439700027,7200169,0.8607115149497986
2020-01-07,0.853060793602812,0.8745785616865397,0.8511480689048767,4819794,0.8511480689048767
2020-01-08,0.8368028852474538,0.838237414511777,0.7842038399058646,119086157,0.8042871356010437
2020-01-09,0.8243703553503261,0.8377591998385587,0.8224576877102949,23350672,0.8329774737358093
2020-01-10,0.8291521182250751,0.8463663557594743,0.8195886655954475,6697381,0.832021176815033
2020-01-13,0.8368028640975643,0.8368028640975643,0.8157632350921631,3482216,0.8157632350921631
2020-01-14,0.8195886721571831,0.8267612616868285,0.8085906901445253,9725988,0.8224577307701111
2020-01-15,0.822457695708718,0.8602333664894104,0.820544971047414,14576134,0.8602333664894104
2020-01-16,0.8602333649303481,0.865493229483389,0.8535389141319252,6086087,0.8626242280006409
2020-01-17,0.8626242396334297,0.8683622996789777,0.8492353948587026,6097590,0.8607115149497986
2020-01-20,0.8664496551467463,0.8836638927459717,0.858798870213163,8046706,0.8836638927459717
2020-01-21,0.8741003432366489,0.8750567340617608,0.8573643018345948,3440650,0.8697968125343323
2020-01-22,0.8712313582030881,0.8712313582030881,0.8607115149497986,2125558,0.8607115149497986
2020-01-23,0.8607115320240781,0.8736222386360168,0.8320211742245233,6532326,0.8736222386360168
2020-01-24,0.8712313660986343,0.8769694261961835,0.8669277782734673,2480069,0.868362307548523
2020-01-27,0.8607115296387575,0.8607115296387575,0.8391937613487244,2840910,0.8391937613487244
2020-01-28,0.8415846361824988,0.8458882241018907,0.8224577307701111,5071097,0.8224577307701111
2020-01-29,0.8253267307140811,0.8281957893212166,0.8205450043706383,4587504,0.8248485922813416
2020-01-30,0.8176759659564805,0.8176759659564805,0.7985490044410818,6119465,0.8061997890472412
2020-01-31,0.8061998081248186,0.8119378682138855,0.7956800217944173,9025764,0.7971145510673523
2020-02-03,0.7937673006448762,0.7942454960722168,0.7655550814932739,7421906,0.7727277278900146
2020-02-04,0.7842038242862079,0.7923327472852316,0.7722495089927404,8941541,0.788985550403595
2020-02-05,0.7889855840477122,0.8042871538779814,0.7799003268383298,4121546,0.7928109765052795
2020-02-06,0.7985489909284634,0.8009398539520973,0.7784657529304723,5791160,0.7908982634544373
2020-02-07,0.789941912248791,0.789941912248791,0.7583824959534349,10840966,0.763164222240448
2020-02-10,0.7645987496205995,0.7645987496205995,0.7382992551076037,14010113,0.7507317662239075
2020-02-11,0.7555134860346527,0.7655550769248197,0.7507317598004761,31307576,0.7602952122688293
2020-02-12,0.7650769352912903,0.7746403877194971,0.7617297383419525,24181592,0.7650769352912903
2020-02-13,0.7622078571966221,0.7655550540600405,0.7411682281930303,7181500,0.7593388557434082
2020-02-14,0.7641205727418721,0.7875510075096551,0.7536007298639248,78952459,0.773684024810791
2020-02-17,0.7736840617420223,0.778943926429401,0.7679459446246297,2407881,0.7727277278900146
2020-02-18,0.7571220613168987,0.7594937715886163,0.7438393551423284,4409425,0.7447880506515503
2020-02-19,0.7514288947482531,0.753801573988176,0.7447880263999384,4783296,0.7476341128349304
2020-02-20,0.7523776110401669,0.7523776110401669,0.7353001229123548,5806102,0.7428906559944153
2020-02-21,0.7362487721217639,0.7400435539014495,0.6940280341451744,15443695,0.7020928859710693
2020-02-24,0.6508595491886595,0.6669883417002929,0.6157539965831295,24522016,0.6176523566246033
2020-02-25,0.6176523367930881,0.6641422338820531,0.6176523367930881,24431139,0.6636678576469421
2020-02-26,0.6356785229039096,0.6869128096298324,0.6138565889501844,14909301,0.6413716077804565
2020-02-27,0.6356785519031836,0.6508595612406934,0.5797007282594199,19634518,0.5825477838516235
2020-02-28,0.5408013388879885,0.5787520080238644,0.5256212422416552,27210763,0.5370065569877625
2020-03-03,0.5977278145173943,0.6342554699139415,0.5716367786695933,19863496,0.6024712920188904
2020-03-04,0.5958304198891395,0.6261906138047788,0.5844451619120861,13660111,0.6005738973617554
2020-03-05,0.616703674431456,0.616703674431456,0.5479175205729767,13240148,0.5673667192459106
2020-03-06,0.5417500250185844,0.5507635724202427,0.4876695956487043,25142497,0.49288836121559143
2020-03-09,0.42125516597794904,0.4599651964371941,0.388997610049551,25052581,0.41821974515914917
2020-03-10,0.44592412668420556,0.509491483544226,0.44592412668420556,21639392,0.47438690066337585
2020-03-11,0.4732488332968984,0.49146534803273534,0.43643619453444177,13833081,0.4535136818885803
2020-03-12,0.39374109654785117,0.4222048402569846,0.3747652769088745,18842083,0.3747652769088745
2020-03-13,0.3984845636421811,0.42694830660715566,0.3728678761556398,17574106,0.40114131569862366
2020-03-16,0.3700217883950952,0.3700217883950952,0.34630249194898705,13957839,0.3605338931083679
2020-03-17,0.3795097157649055,0.38899761114117787,0.3130953031710909,27904087,0.3225831985473633
2020-03-18,0.32258318399174957,0.33093210858631655,0.2950681660863472,16740658,0.3068331182003021
2020-03-19,0.332071122424972,0.339281019988602,0.3036073792934822,12407978,0.3225831985473633
2020-03-20,0.351045972201366,0.3700217914318926,0.34231740944005046,14808615,0.3466821610927582
2020-03-23,0.32732666053098375,0.3381429456839614,0.29886388778686523,5312984,0.29886388778686523
2020-03-24,0.33112243070800107,0.3461121957309685,0.32258320221648273,12414121,0.3244805932044983
2020-03-26,0.32827536168168947,0.40076163982205193,0.31973710258671684,18060130,0.39658716320991516
2020-03-27,0.3888073035117695,0.39753586618939796,0.3700217878842232,11442190,0.3766636252403259
2020-03-30,0.37666364297610283,0.40512641809444405,0.35313370833175467,10438871,0.39468979835510254
2020-03-31,0.42125517570905757,0.4222048402569846,0.3747652769088745,18953332,0.3747652769088745
2020-04-01,0.353133683917171,0.3624312755647376,0.33207111151015645,11595666,0.3404200077056885
2020-04-02,0.3480105654606578,0.3555054481809629,0.3159414020170351,16123147,0.3292240798473358
2020-04-03,0.3315967851212765,0.338617320026894,0.31783879059201925,9376316,0.31954681873321533
2020-04-06,0.3487689069239207,0.34952823950975737,0.33890228602843564,23098372,0.3415580689907074
2020-04-07,0.35673911174511175,0.36717570252171905,0.3519946653212667,21652488,0.36062857508659363
2020-04-08,0.3652783158775427,0.38520189014724626,0.35294336495869166,33565406,0.37950971722602844
2020-04-09,0.3984845675075258,0.4041777094741848,0.3654676787572748,15728510,0.37950971722602844
2020-04-14,0.37950971722602844,0.3870992811209855,0.3751449370498079,8017375,0.37950971722602844
2020-04-15,0.37097047420226226,0.3726785307303994,0.34962291699810755,10586904,0.3557904064655304
2020-04-16,0.3605338842889305,0.3632852892058078,0.3480105400085449,6623030,0.3480105400085449
2020-04-21,0.341558075313804,0.3443094803082994,0.3130953013896942,21406447,0.3130953013896942
2020-04-22,0.32153887738002507,0.32922406314091757,0.31689008145694286,7357325,0.32068580389022827
2020-04-23,0.3263779676880965,0.3396606729779683,0.32144418704228256,8436756,0.3309321105480194
2020-04-24,0.31831314015168444,0.3263779926026787,0.31802909582262984,10796118,0.32049551606178284
2020-04-27,0.33301983186389145,0.34345642316074215,0.33301983186389145,9643391,0.33776330947875977
2020-04-28,0.34117933990805976,0.35863649336043096,0.3382376315747462,12566177,0.3558850884437561
2020-04-29,0.35721344909234887,0.37144482135772705,0.3485795395781646,24927954,0.37144482135772705
2020-04-30,0.3757139705221435,0.3757139705221435,0.34933891892433167,20308516,0.34933891892433167
2020-05-04,0.3320711205197424,0.3320711205197424,0.32021145800213463,11987440,0.3216345012187958
2020-05-05,0.3368145885503868,0.339660674904632,0.33112241584189656,6779175,0.3318808078765869
2020-05-06,0.3320711302037189,0.33387383977288004,0.31783878803253174,6525417,0.31783878803253174
2020-05-07,0.3242912627326349,0.3270426678072363,0.31119791949444986,6520201,0.31783878803253174
2020-05-08,0.32258318483270243,0.3272319806116425,0.31461301445961,5650681,0.31461301445961
2020-05-11,0.3235318797172818,0.3235318797172818,0.31309528931951514,3990851,0.3145183324813843
2020-05-12,0.31689009016675274,0.3301727676881043,0.3076871795060557,6504723,0.3167954087257385
2020-05-13,0.294119473865392,0.30057097914842246,0.2798880730580695,33734594,0.28463155031204224
2020-05-14,0.2847272162252965,0.2861502594786141,0.2675541061545113,22385440,0.268502801656723
2020-05-15,0.27799070249624785,0.28273418009728696,0.2681231404331212,31590869,0.2719188630580902
2020-05-18,0.2846315554798136,0.30360737442970276,0.28235449824775066,9458653,0.30360737442970276
2020-05-19,0.3178387652312999,0.3178387652312999,0.28577057364070585,44436267,0.29032468795776367
2020-05-20,0.28956535913821846,0.29791519585693743,0.28339883871541655,25244585,0.2922220826148987
2020-05-21,0.2934557874233903,0.301520668464412,0.28747862937374496,13332091,0.28937602043151855
2020-05-22,0.2865299112239006,0.29914793697958575,0.2865299112239006,33034799,0.2930760979652405
2020-05-25,0.3018046750999684,0.31689009070396423,0.29914795148237106,31135892,0.31689009070396423
2020-05-26,0.3244805815373546,0.37362723025792355,0.32153887317641433,30585653,0.36622700095176697
2020-05-27,0.3662269970114618,0.405126389083582,0.3491485693275901,46592961,0.4032289981842041
2020-05-28,0.4032289981842041,0.415562979574228,0.3814070932518878,39251661,0.4032289981842041
2020-05-29,0.39279238936693983,0.3937410848412033,0.3576878066855774,239060407,0.3605338931083679
2020-06-01,0.38235579281541465,0.3907046890801317,0.3601542213555383,58917010,0.36622700095176697
2020-06-02,0.3728678767032182,0.3787503815011871,0.3626215893117271,28849969,0.370021790266037
2020-06-03,0.3795097281267087,0.38415852425471847,0.3762839752698775,31129688,0.3772326707839966
2020-06-04,0.3795097141020742,0.3817867713606385,0.3557904175360341,28117375,0.370021790266037
2020-06-05,0.3833044894718279,0.41347529099782787,0.37675830266929455,39400833,0.4060750901699066
2020-06-09,0.4184090771463707,0.4204968000194619,0.39450044630239495,26991383,0.4094911515712738
2020-06-10,0.4127169112513783,0.42125517067150386,0.3870992828573386,26239060,0.3889976143836975
2020-06-11,0.3652783272149184,0.37637865758362044,0.36195695236368236,19404832,0.36964213848114014
2020-06-12,0.36717569888823687,0.3869099098502268,0.3636649613364948,14991240,0.37495559453964233
2020-06-15,0.3605339075430233,0.3764733374118805,0.3561700962955161,11209174,0.3764733374118805
2020-06-16,0.3937410805474602,0.404937032284743,0.38804890776395223,17764428,0.39848455786705017
2020-06-17,0.39848456233646595,0.4084468338647597,0.38909228902951737,19657406,0.40028730034828186
2020-06-18,0.3937410775991004,0.40512639212628,0.3934560927444262,8340632,0.39649251103401184
2020-06-19,0.39848457901975565,0.41840909440918356,0.39848457901975565,18826081,0.4021856486797333
2020-06-22,0.3978208745469006,0.41176820269445097,0.39374107934553854,11711601,0.4053157567977905
2020-06-23,0.4053157521899992,0.4198321093403192,0.4053157521899992,12100704,0.41176819801330566
2020-06-24,0.40797248296568034,0.40797248296568034,0.3979155585780268,10795545,0.4070237874984741
2020-06-25,0.38994629869178826,0.4000979329834957,0.38994629869178826,7747077,0.39848455786705017
2020-06-26,0.40275467013343763,0.4046520611255008,0.3795097208911003,16793308,0.38140711188316345
2020-06-29,0.3814071026050944,0.3832098121125246,0.3690730924112695,6955420,0.3766636252403259
2020-06-30,0.37931939903630174,0.38785859862982486,0.37505026951157416,8205474,0.3870992660522461
2020-07-01,0.38899759847425386,0.4019006375624626,0.37856100795461095,10023061,0.39554381370544434
2020-07-02,0.398484579550326,0.41252661844345107,0.398484579550326,9822651,0.402280330657959
2020-07-03,0.4051264140781498,0.41034423937335646,0.39488012637173014,5015591,0.4004776179790497
2020-07-06,0.41081953084195777,0.41556300841966093,0.3998129698822469,5564988,0.402280330657959
2020-07-07,0.3937410918393228,0.3961128305671355,0.3861505873662135,7629490,0.3889976143836975
2020-07-08,0.38615059121404466,0.3944048063955478,0.38226112777049676,5543865,0.38235580921173096
2020-07-09,0.3823558018264779,0.3927923926753745,0.37666362893295247,5192610,0.37856101989746094
2020-07-10,0.37571397241134447,0.38007875265933944,0.3690731038940547,7817396,0.3747652769088745
2020-07-13,0.3795097141020742,0.38406382861920285,0.3633799813685173,8255099,0.370021790266037
2020-07-14,0.36243127754273025,0.37486090951288,0.361862248377218,3818350,0.3648030161857605
2020-07-15,0.3766636369592715,0.38292483916674935,0.3690731038940547,6857433,0.3747652769088745
2020-07-16,0.37476526389559556,0.3784653643355709,0.3662270046698467,10429763,0.368124395608902
2020-07-17,0.3690731056878753,0.375713974237442,0.36243129659418394,5121764,0.375713974237442
2020-07-20,0.37381657546670277,0.39345610542770104,0.3720138659318297,6754895,0.38747894763946533
2020-07-21,0.39848456362053314,0.4079724874421213,0.36337998081513156,20863640,0.37761232256889343
2020-07-22,0.3776123350118145,0.3953544743997475,0.36110293545894534,10853700,0.39279240369796753
2020-07-23,0.3861505818674343,0.3908003468620017,0.372962557574326,4419580,0.37761232256889343
2020-07-24,0.3652783110402444,0.3779910185047669,0.36157727003753926,4656638,0.3690730929374695
2020-07-27,0.37950971218315854,0.38330449408021255,0.3605338931083679,3036079,0.3605338931083679
2020-07-28,0.36053389130859337,0.3795097102886572,0.36053389130859337,6190892,0.368124395608902
2020-07-29,0.3681243918715592,0.37153950741836966,0.36157726454538247,2721041,0.36622700095176697
2020-07-30,0.3605339071785646,0.3623366167588362,0.34108373960758,10453110,0.34374046325683594
2020-07-31,0.34355110351576157,0.35009729071236806,0.3298887593752578,9484905,0.33757394552230835
2020-08-03,0.3414633989872064,0.3414633989872064,0.32258320154167625,11773307,0.33207112550735474
2020-08-04,0.33681459717441453,0.3529433608055115,0.32704265755700446,8968560,0.3529433608055115
2020-08-05,0.35768781304403197,0.3614825950085441,0.3491485845784341,7930908,0.35560011863708496
2020-08-06,0.3524690033467321,0.3576877973646134,0.3519946556219613,4774910,0.3557904064655304
2020-08-07,0.3574028125121239,0.3574028125121239,0.3492432507094774,5856528,0.3557904064655304
2020-08-10,0.34165369292921455,0.35104596614837646,0.33966068001599564,16082736,0.35104596614837646
2020-08-11,0.35370271030449435,0.36432866361035415,0.3516159565440186,2516119,0.3627162575721741
2020-08-12,0.3650880199813067,0.38339918851852417,0.36337999185208236,5083626,0.38339918851852417
2020-08-13,0.37666363149748605,0.38757362961769104,0.37542995114451594,7510979,0.38757362961769104
2020-08-14,0.38757363060290106,0.3908950053659476,0.37761232794608796,5714909,0.3889976143836975
2020-08-17,0.3817867833596971,0.3942154469612825,0.3817867833596971,3554641,0.39279240369796753
2020-08-18,0.3937410805474602,0.4070237860877298,0.3937410805474602,6938620,0.39848455786705017
2020-08-19,0.3938357563055428,0.4146142843640163,0.3938357563055428,10349940,0.41176819801330566
2020-08-20,0.39848455786705017,0.4031343227944824,0.3892816475405965,5460834,0.39848455786705017
2020-08-21,0.39848458042560037,0.40332370850213056,0.379699092414847,7407559,0.39468979835510254
2020-08-24,0.39753588307957943,0.39858022908080853,0.38785862451783776,3638046,0.39374110102653503
2020-08-25,0.3980102310683439,0.3980102310683439,0.38434788701645883,4324606,0.393551766872406
2020-08-26,0.39355174247288965,0.3999085663478131,0.3924127150991139,2656384,0.39658716320991516
2020-08-27,0.39838992808004536,0.39838992808004536,0.3852019032110349,1751957,0.38681524991989136
2020-08-28,0.3842531888161688,0.3910843605441959,0.3807424512416841,6287219,0.3845381736755371
2020-08-31,0.3878586185663535,0.39260306510532605,0.38159647583961487,12060305,0.38159647583961487
2020-09-01,0.3855815656911381,0.3890923034031521,0.38083808814311415,7262403,0.38425320386886597
2020-09-02,0.38899759749619306,0.3937410747458904,0.3776123115528515,8972512,0.3870992660522461
2020-09-03,0.38804892828381893,0.38899762379790354,0.3787503954840054,7324520,0.38520190119743347
2020-09-04,0.3804584127128981,0.3841585132205106,0.37590429815828197,5130960,0.37950971722602844
2020-09-07,0.3795097253112276,0.38301952246977733,0.37002180119495626,3784510,0.375713974237442
2020-09-08,0.37571395983426353,0.37571395983426353,0.35199466347694397,9186357,0.35199466347694397
2020-09-09,0.3519946537580116,0.35673910002599846,0.3472511765354226,7068294,0.3548417091369629
2020-09-10,0.35759312340293814,0.3605338912491717,0.3535133566670067,3538410,0.3595851957798004
2020-09-11,0.3595851957798004,0.36527830914011544,0.35721345710637215,6032766,0.3595851957798004
2020-09-14,0.3700217869829036,0.3937410833384868,0.3700217869829036,9747425,0.3923180401325226
2020-09-15,0.3891869790981434,0.3963031643605586,0.38368416900604513,6663247,0.389946311712265
2020-09-16,0.38757362886442037,0.390610018748866,0.3753352689749811,5899106,0.37950971722602844
2020-09-17,0.37097049670203724,0.3776123342970657,0.3671757146737134,5127424,0.375713974237442
2020-09-18,0.3710651639998852,0.37656797394885183,0.3636649631090802,6306841,0.3682190775871277
2020-09-21,0.3605339092944448,0.36300127007357513,0.34345642094558393,9887060,0.3453538119792938
2020-09-22,0.34535379137581235,0.3510459641373524,0.33709957654513234,7618648,0.3415580689907074
2020-09-23,0.34725117792187526,0.34725117792187526,0.32353188212476686,9022794,0.3395659923553467
2020-09-24,0.35499998927116394,0.36500000953674316,0.34929999709129333,3026613,0.3610000014305115
2020-09-25,0.3610000014305115,0.3675000071525574,0.3499999940395355,4514224,0.3499999940395355
2020-09-28,0.35600000619888306,0.37290000915527344,0.35600000619888306,5096492,0.362199991941452
2020-09-29,0.36500000953674316,0.3698999881744385,0.3610000014305115,2717960,0.3659000098705292
2020-09-30,0.3619999885559082,0.3779999911785126,0.36000001430511475,5445728,0.3772999942302704
2020-10-01,0.3723999857902527,0.37779998779296875,0.37049999833106995,2015711,0.37400001287460327
2020-10-02,0.3720000088214874,0.3720000088214874,0.3564999997615814,4748941,0.3619999885559082
2020-10-05,0.3619999885559082,0.3668000102043152,0.3580000102519989,2306824,0.3619999885559082
2020-10-06,0.3619999885559082,0.38199999928474426,0.3587000072002411,4677750,0.3799999952316284
2020-10-07,0.37689998745918274,0.37689998745918274,0.367000013589859,4463823,0.37119999527931213
2020-10-08,0.37119999527931213,0.3799999952316284,0.37119999527931213,3367063,0.375900000333786
2020-10-09,0.3790000081062317,0.3790000081062317,0.3734000027179718,2253698,0.375
2020-10-12,0.36899998784065247,0.36899998784065247,0.35199999809265137,6021070,0.352400004863739
2020-10-13,0.3499999940395355,0.35420000553131104,0.3490000069141388,6571509,0.3513000011444092
2020-10-14,0.3537999987602234,0.3569999933242798,0.34130001068115234,7163711,0.34130001068115234
2020-10-15,0.3330000042915344,0.3366999924182892,0.3248000144958496,9408759,0.32499998807907104
2020-10-16,0.32499998807907104,0.33399999141693115,0.32499998807907104,6546604,0.32499998807907104
2020-10-19,0.3278999924659729,0.3278999924659729,0.31520000100135803,4815367,0.32749998569488525
2020-10-20,0.32749998569488525,0.33480000495910645,0.32409998774528503,3556791,0.3321000039577484
2020-10-21,0.3310999870300293,0.33480000495910645,0.3264000117778778,2800335,0.328000009059906
2020-10-22,0.32499998807907104,0.3287000060081482,0.3160000145435333,9109765,0.32199999690055847
2020-10-23,0.32199999690055847,0.3262999951839447,0.3172999918460846,8314669,0.3230000138282776
2020-10-26,0.3179999887943268,0.31949999928474426,0.29100000858306885,16858761,0.30239999294281006
2020-10-27,0.3059999942779541,0.3100000023841858,0.2980000078678131,5103512,0.30140000581741333
2020-10-29,0.2849999964237213,0.2919999957084656,0.2770000100135803,19074525,0.28999999165534973
2020-10-30,0.2849999964237213,0.28940001130104065,0.2750000059604645,13230069,0.2847000062465668
2020-11-02,0.2888000011444092,0.2994999885559082,0.2858000099658966,8040890,0.2879999876022339
2020-11-03,0.29440000653266907,0.3075999915599823,0.2937000095844269,9731419,0.30309998989105225
2020-11-04,0.3009999990463257,0.31349998712539673,0.29919999837875366,3220847,0.3100000023841858
2020-11-05,0.30000001192092896,0.3089999854564667,0.2937000095844269,4427985,0.3059999942779541
2020-11-06,0.3059999942779541,0.3091000020503998,0.29809999465942383,3760113,0.3091000020503998
2020-11-09,0.3149999976158142,0.40130001306533813,0.3149999976158142,32822645,0.38999998569488525
2020-11-10,0.3840000033378601,0.4000000059604645,0.3779999911785126,14117141,0.38499999046325684
2020-11-11,0.38109999895095825,0.4020000100135803,0.38109999895095825,7602141,0.3939000070095062
2020-11-12,0.38760000467300415,0.3950999975204468,0.38600000739097595,15417855,0.39259999990463257
2020-11-13,0.38850000500679016,0.39570000767707825,0.38609999418258667,8537304,0.39320001006126404
2020-11-16,0.3970000147819519,0.46399998664855957,0.3970000147819519,30541172,0.4498000144958496
2020-11-17,0.4498000144958496,0.4569999873638153,0.4350999891757965,11302858,0.4399000108242035
2020-11-18,0.4399999976158142,0.45989999175071716,0.4343999922275543,9945255,0.45890000462532043
2020-11-19,0.45019999146461487,0.4580000042915344,0.4271000027656555,12996563,0.4580000042915344
2020-11-20,0.462799996137619,0.46799999475479126,0.4429999887943268,7205812,0.4645000100135803
2020-11-23,0.4699999988079071,0.483599990606308,0.4699999988079071,25296055,0.47589999437332153
2020-11-24,0.47999998927116394,0.48579999804496765,0.4659999907016754,14483294,0.4742000102996826
2020-11-25,0.4779999852180481,0.47999998927116394,0.4505000114440918,11110239,0.4620000123977661
2020-11-26,0.46560001373291016,0.47999998927116394,0.45320001244544983,8913890,0.4796999990940094
2020-11-27,0.48489999771118164,0.49790000915527344,0.47940000891685486,10679423,0.49790000915527344
2020-11-30,0.49790000915527344,0.504800021648407,0.4819999933242798,18255690,0.48969998955726624
2020-12-01,0.5,0.5527999997138977,0.5,27138027,0.5239999890327454
2020-12-02,0.5239999890327454,0.546999990940094,0.5199999809265137,17523046,0.5350000262260437
2020-12-03,0.5356000065803528,0.5379999876022339,0.5202000141143799,10136669,0.5350000262260437
2020-12-04,0.5389999747276306,0.5663999915122986,0.5275999903678894,10303035,0.5573999881744385
2020-12-07,0.5580000281333923,0.5866000056266785,0.5576000213623047,11864682,0.5669999718666077
2020-12-08,0.5699999928474426,0.5830000042915344,0.5633999705314636,14023501,0.5830000042915344
2020-12-09,0.5947999954223633,0.6096000075340271,0.5917999744415283,21244949,0.6050000190734863
2020-12-10,0.6000000238418579,0.6019999980926514,0.5626000165939331,17385155,0.5644000172615051
2020-12-11,0.5558000206947327,0.5934000015258789,0.5351999998092651,14295457,0.5794000029563904
2020-12-14,0.5899999737739563,0.6079999804496765,0.5672000050544739,12114764,0.5730000138282776
2020-12-15,0.5720000267028809,0.5839999914169312,0.5601999759674072,7298786,0.578000009059906
2020-12-16,0.5899999737739563,0.605400025844574,0.5812000036239624,11732309,0.5899999737739563
2020-12-17,0.5899999737739563,0.5979999899864197,0.5687999725341797,12328129,0.5799999833106995
2020-12-18,0.5799999833106995,0.5878000259399414,0.5703999996185303,14174274,0.5830000042915344
2020-12-21,0.5450000166893005,0.5598000288009644,0.5156000256538391,16657807,0.5519999861717224
2020-12-22,0.5529999732971191,0.5860000252723694,0.5529999732971191,5325400,0.574400007724762
2020-12-23,0.5830000042915344,0.5879999995231628,0.5720000267028809,2058512,0.5789999961853027
2020-12-28,0.5920000076293945,0.6069999933242798,0.5920000076293945,7544018,0.6060000061988831
2020-12-29,0.6137999892234802,0.6159999966621399,0.5910000205039978,4037410,0.5910000205039978
2020-12-30,0.5968000292778015,0.5968000292778015,0.5781999826431274,6503460,0.5848000049591064
2020-12-31,0.5781999826431274,0.590399980545044,0.5753999948501587,3362259,0.5785999894142151
2021-01-04,0.5899999737739563,0.6086000204086304,0.5839999914169312,9032514,0.6069999933242798
2021-01-05,0.5960000157356262,0.6039999723434448,0.5870000123977661,6810569,0.5971999764442444
2021-01-07,0.6068000197410583,0.6151999831199646,0.5802000164985657,9299250,0.5907999873161316
2021-01-08,0.6019999980926514,0.6019999980926514,0.5703999996185303,15897680,0.5996000170707703
2021-01-11,0.5910000205039978,0.5910000205039978,0.5709999799728394,7024228,0.5898000001907349
2021-01-12,0.5813999772071838,0.597000002861023,0.5770000219345093,5263103,0.5799999833106995
2021-01-13,0.5874000191688538,0.5916000008583069,0.5741999745368958,5128541,0.5835999846458435
2021-01-14,0.5950000286102295,0.5950000286102295,0.5720000267028809,5876143,0.5789999961853027
2021-01-15,0.5709999799728394,0.5830000042915344,0.5659999847412109,6190967,0.5799999833106995
2021-01-18,0.5845999717712402,0.5849999785423279,0.5709999799728394,4937584,0.5759999752044678
2021-01-19,0.5799999833106995,0.6019999980926514,0.5763999819755554,8716217,0.6000000238418579
2021-01-20,0.6010000109672546,0.6110000014305115,0.5932000279426575,3880238,0.6046000123023987
2021-01-21,0.6100000143051147,0.6100000143051147,0.5911999940872192,4779033,0.5964000225067139
2021-01-22,0.5849999785423279,0.5871999859809875,0.5690000057220459,5895504,0.5849999785423279
2021-01-25,0.5766000151634216,0.5838000178337097,0.5559999942779541,7696821,0.5740000009536743
2021-01-26,0.5740000009536743,0.5770000219345093,0.5613999962806702,3578851,0.5699999928474426
2021-01-27,0.5699999928474426,0.5699999928474426,0.5332000255584717,9296103,0.54339998960495
2021-01-28,0.5260000228881836,0.5699999928474426,0.5063999891281128,10320359,0.5619999766349792
2021-01-29,0.5450000166893005,0.5600000023841858,0.5379999876022339,6552752,0.5493999719619751
2021-02-01,0.5493999719619751,0.5659999847412109,0.5365999937057495,3395534,0.5600000023841858
2021-02-02,0.5600000023841858,0.5774000287055969,0.5529999732971191,5161508,0.5702000260353088
2021-02-03,0.5770000219345093,0.5799999833106995,0.5544000267982483,5141895,0.5799999833106995
2021-02-04,0.5680000185966492,0.5838000178337097,0.5672000050544739,2659086,0.578000009059906
2021-02-05,0.5849999785423279,0.593999981880188,0.5759999752044678,4112751,0.5899999737739563
2021-02-08,0.5899999737739563,0.6019999980926514,0.5899999737739563,3806793,0.5983999967575073
2021-02-09,0.593999981880188,0.593999981880188,0.5684000253677368,7038021,0.5690000057220459
2021-02-10,0.5623999834060669,0.5727999806404114,0.5564000010490417,8042861,0.5600000023841858
2021-02-11,0.5600000023841858,0.5809999704360962,0.5479999780654907,5451752,0.5680000185966492
2021-02-12,0.5680000185966492,0.5745999813079834,0.5616000294685364,3837145,0.5630000233650208
2021-02-15,0.573199987411499,0.5834000110626221,0.5702000260353088,6943378,0.5776000022888184
2021-02-16,0.5799999833106995,0.5838000178337097,0.5640000104904175,4073365,0.5699999928474426
2021-02-17,0.5619999766349792,0.5658000111579895,0.5508000254631042,5479129,0.5640000104904175
2021-02-18,0.5612000226974487,0.5680000185966492,0.5436000227928162,8007121,0.550000011920929
2021-02-19,0.5550000071525574,0.5595999956130981,0.5501999855041504,3696996,0.5594000220298767
2021-02-22,0.550000011920929,0.5758000016212463,0.5496000051498413,3632649,0.5618000030517578
2021-02-23,0.5698000192642212,0.5770000219345093,0.5568000078201294,5029044,0.5699999928474426
2021-02-24,0.5649999976158142,0.5838000178337097,0.5649999976158142,6081339,0.5781999826431274
2021-02-25,0.5838000178337097,0.597000002861023,0.5803999900817871,9129521,0.5899999737739563
2021-02-26,0.5809999704360962,0.6000000238418579,0.576200008392334,14160433,0.5807999968528748
2021-03-01,0.5807999968528748,0.6133999824523926,0.5807999968528748,7554166,0.6032000184059143
2021-03-02,0.593999981880188,0.6647999882698059,0.5929999947547913,14868000,0.6610000133514404
2021-03-03,0.6639999747276306,0.6890000104904175,0.6460000276565552,10650819,0.6514000296592712
2021-03-04,0.6460000276565552,0.6600000262260437,0.6389999985694885,5453310,0.645799994468689
2021-03-05,0.6370000243186951,0.6600000262260437,0.6320000290870667,5949985,0.6547999978065491
2021-03-08,0.6600000262260437,0.6700000166893005,0.6549999713897705,5466756,0.6557999849319458
2021-03-09,0.6600000262260437,0.6679999828338623,0.6521999835968018,5226399,0.6651999950408936
2021-03-10,0.6651999950408936,0.6690000295639038,0.6399999856948853,5226030,0.6499999761581421
2021-03-11,0.6729999780654907,0.6877999901771545,0.6665999889373779,17182602,0.6850000023841858
2021-03-12,0.6850000023841858,0.6980000138282776,0.6736000180244446,15044032,0.6949999928474426
2021-03-16,0.6998000144958496,0.7192000150680542,0.6958000063896179,11393310,0.7184000015258789
2021-03-17,0.7197999954223633,0.7197999954223633,0.7016000151634216,4332559,0.7125999927520752
2021-03-18,0.7138000130653381,0.7200000286102295,0.6840000152587891,9817184,0.7092000246047974
2021-03-19,0.699999988079071,0.7099999785423279,0.6832000017166138,15978240,0.6913999915122986
2021-03-22,0.6751999855041504,0.7179999947547913,0.6751999855041504,6817108,0.6919999718666077
2021-03-23,0.6966000199317932,0.7129999995231628,0.6700000166893005,5685780,0.6880000233650208
2021-03-24,0.680400013923645,0.7099999785423279,0.680400013923645,9547167,0.6998000144958496
2021-03-26,0.7179999947547913,0.7310000061988831,0.7124000191688538,9152440,0.7278000116348267
2021-03-29,0.7379999756813049,0.7599999904632568,0.7360000014305115,8999420,0.75
2021-03-30,0.7630000114440918,0.7639999985694885,0.727400004863739,12247223,0.7401999831199646
2021-03-31,0.7401999831199646,0.7450000047683716,0.7099999785423279,9166751,0.7250000238418579
2021-04-01,0.734000027179718,0.7638000249862671,0.7279999852180481,10506381,0.75
2021-04-06,0.7649999856948853,0.7829999923706055,0.7563999891281128,13348158,0.7649999856948853
2021-04-07,0.7649999856948853,0.800000011920929,0.7649999856948853,18950055,0.7929999828338623
2021-04-08,0.7900000214576721,0.800000011920929,0.7850000262260437,6227098,0.7979999780654907
2021-04-09,0.7979999780654907,0.8050000071525574,0.7910000085830688,12866028,0.800000011920929
2021-04-12,0.800000011920929,0.8050000071525574,0.7915999889373779,10804481,0.7979999780654907
2021-04-13,0.7982000112533569,0.798799991607666,0.7752000093460083,8842684,0.7752000093460083
2021-04-14,0.7799999713897705,0.7929999828338623,0.7612000107765198,16198588,0.7879999876022339
2021-04-15,0.7896000146865845,0.7906000018119812,0.771399974822998,13586967,0.7724000215530396
2021-04-16,0.7724000215530396,0.7820000052452087,0.7649999856948853,4136660,0.7649999856948853
2021-04-19,0.7522000074386597,0.7599999904632568,0.7206000089645386,11079685,0.7300000190734863
2021-04-20,0.7250000238418579,0.7717999815940857,0.7250000238418579,12645347,0.7716000080108643
2021-04-21,0.7716000080108643,0.7940000295639038,0.7653999924659729,8198296,0.7760000228881836
2021-04-22,0.7760000228881836,0.800000011920929,0.7752000093460083,11873740,0.7775999903678894
2021-04-23,0.781000018119812,0.7850000262260437,0.7512000203132629,11840011,0.7577999830245972
2021-04-26,0.7910000085830688,0.7940000295639038,0.7712000012397766,11954737,0.7764000296592712
2021-04-27,0.7835999727249146,0.7892000079154968,0.7603999972343445,8117217,0.7649999856948853
2021-04-28,0.7699999809265137,0.7850000262260437,0.7612000107765198,7303993,0.7738000154495239
2021-04-29,0.7799999713897705,0.7900000214576721,0.7771999835968018,8057226,0.7857999801635742
2021-05-05,0.7900000214576721,0.8133999705314636,0.784600019454956,15968737,0.8050000071525574
2021-05-06,0.8100000023841858,0.8399999737739563,0.800000011920929,18510621,0.8360000252723694
2021-05-07,0.8399999737739563,0.8574000000953674,0.8371999859809875,13689490,0.8450000286102295
2021-05-10,0.8550000190734863,0.8600000143051147,0.8349999785423279,7986587,0.8349999785423279
2021-05-11,0.8159999847412109,0.8295999765396118,0.8059999942779541,9456054,0.824999988079071
2021-05-12,0.847000002861023,0.8489999771118164,0.8059999942779541,16569484,0.8130000233650208
2021-05-13,0.7937999963760376,0.8022000193595886,0.7850000262260437,12725896,0.7950000166893005
2021-05-14,0.8095999956130981,0.8095999956130981,0.7749999761581421,10538206,0.7820000052452087
2021-05-17,0.7896000146865845,0.795799970626831,0.7851999998092651,8668818,0.7943999767303467
2021-05-18,0.7943999767303467,0.7997999787330627,0.7864000201225281,9409499,0.7864000201225281
2021-05-19,0.7785999774932861,0.7929999828338623,0.7649999856948853,12478757,0.7699999809265137
2021-05-20,0.7699999809265137,0.784600019454956,0.7667999863624573,11996978,0.7749999761581421
2021-05-21,0.7843999862670898,0.7843999862670898,0.7035999894142151,34414989,0.7429999709129333
2021-05-24,0.7559999823570251,0.7928000092506409,0.75,22361485,0.7900000214576721
2021-05-25,0.7950000166893005,0.800000011920929,0.7721999883651733,17178187,0.7847999930381775
2021-05-26,0.7875999808311462,0.800000011920929,0.7865999937057495,13513547,0.7900000214576721
2021-05-27,0.7900000214576721,0.8050000071525574,0.7710000276565552,206103922,0.7710000276565552
2021-05-28,0.7870000004768372,0.7960000038146973,0.7617999911308289,11629754,0.7699999809265137
2021-05-31,0.7748000025749207,0.7820000052452087,0.7617999911308289,3582695,0.7675999999046326
2021-06-01,0.7789999842643738,0.7789999842643738,0.7218000292778015,13768883,0.7519999742507935
2021-06-02,0.767799973487854,0.7746000289916992,0.7588000297546387,17979415,0.772599995136261
2021-06-03,0.7699999809265137,0.7738000154495239,0.760200023651123,6802342,0.7699999809265137
2021-06-04,0.7699999809265137,0.798799991607666,0.7699999809265137,10774612,0.798799991607666
2021-06-07,0.798799991607666,0.7990000247955322,0.7892000079154968,4244263,0.798799991607666
2021-06-08,0.798799991607666,0.8199999928474426,0.7960000038146973,7347614,0.8199999928474426
2021-06-09,0.8199999928474426,0.8399999737739563,0.8101999759674072,8248833,0.8399999737739563
2021-06-10,0.8309999704360962,0.8569999933242798,0.8299999833106995,19628248,0.8569999933242798
2021-06-11,0.8500000238418579,0.8673999905586243,0.8471999764442444,9419564,0.8640000224113464
2021-06-14,0.8600000143051147,0.8650000095367432,0.8511999845504761,7808717,0.8650000095367432
2021-06-15,0.8629999756813049,0.8669999837875366,0.8532000184059143,5389327,0.8669999837875366
2021-06-16,0.859000027179718,0.8600000143051147,0.8399999737739563,4624327,0.8500000238418579
2021-06-17,0.8579999804496765,0.8604000210762024,0.8479999899864197,9425060,0.8532000184059143
2021-06-18,0.8514000177383423,0.8547999858856201,0.8399999737739563,9463381,0.8497999906539917
2021-06-22,0.8360000252723694,0.8615999817848206,0.8360000252723694,9303603,0.859000027179718
2021-06-23,0.8600000143051147,0.8600000143051147,0.8500000238418579,4141292,0.8600000143051147
2021-06-24,0.8519999980926514,0.8619999885559082,0.8519999980926514,7269225,0.8600000143051147
2021-06-25,0.8539999723434448,0.8628000020980835,0.8521999716758728,3707580,0.8600000143051147
2021-06-28,0.8622000217437744,0.8650000095367432,0.8511999845504761,2434341,0.8583999872207642
2021-06-29,0.8532000184059143,0.8600000143051147,0.8420000076293945,9462589,0.8600000143051147
2021-06-30,0.8600000143051147,0.8600000143051147,0.8446000218391418,9343435,0.8500000238418579
2021-07-01,0.8500000238418579,0.8500000238418579,0.8399999737739563,5509907,0.8399999737739563
2021-07-02,0.8399999737739563,0.8500000238418579,0.8352000117301941,7407007,0.8497999906539917
2021-07-05,0.8399999737739563,0.853600025177002,0.8388000130653381,3185554,0.853600025177002
2021-07-06,0.8500000238418579,0.853600025177002,0.8339999914169312,24411125,0.8398000001907349
2021-07-07,0.8450000286102295,0.8450000286102295,0.8172000050544739,4140013,0.8320000171661377
2021-07-08,0.8320000171661377,0.8360000252723694,0.8151999711990356,7024670,0.8248000144958496
2021-07-09,0.8309999704360962,0.8339999914169312,0.8248000144958496,1873477,0.8248000144958496
2021-07-12,0.8299999833106995,0.8500000238418579,0.8281999826431274,3756833,0.8299999833106995
2021-07-13,0.8299999833106995,0.8385999798774719,0.8256000280380249,5323970,0.829800009727478
2021-07-14,0.829800009727478,0.8349999785423279,0.8227999806404114,10917184,0.8325999975204468
2021-07-15,0.8325999975204468,0.8339999914169312,0.8082000017166138,2470056,0.8149999976158142
2021-07-16,0.8055999875068665,0.8199999928474426,0.8050000071525574,1237214,0.8169999718666077
2021-07-19,0.7929999828338623,0.7990000247955322,0.739799976348877,9093888,0.7567999958992004
2021-07-20,0.7699999809265137,0.7730000019073486,0.7401999831199646,4007948,0.753000020980835
2021-07-21,0.7567999958992004,0.7675999999046326,0.7513999938964844,5029143,0.7567999958992004
2021-07-22,0.7670000195503235,0.7670000195503235,0.7577999830245972,1689596,0.7613999843597412
2021-07-23,0.7648000121116638,0.7856000065803528,0.7599999904632568,2104616,0.7825999855995178
2021-07-26,0.7853999733924866,0.7856000065803528,0.7735999822616577,1659090,0.7817999720573425
2021-07-27,0.7817999720573425,0.7879999876022339,0.7689999938011169,3219199,0.7738000154495239
2021-07-28,0.77920001745224,0.7797999978065491,0.7689999938011169,2738168,0.7797999978065491
2021-07-29,0.7850000262260437,0.7990000247955322,0.7820000052452087,3074180,0.7820000052452087
2021-07-30,0.7973999977111816,0.8109999895095825,0.7784000039100647,5257479,0.7950000166893005
2021-08-02,0.7950000166893005,0.7996000051498413,0.7919999957084656,4358914,0.7940000295639038
2021-08-03,0.7874000072479248,0.798799991607666,0.7874000072479248,3036193,0.7964000105857849
2021-08-04,0.7961999773979187,0.7975999712944031,0.7883999943733215,13041358,0.7900000214576721
2021-08-05,0.7900000214576721,0.8027999997138977,0.7893999814987183,3489505,0.800000011920929
2021-08-06,0.800000011920929,0.800000011920929,0.7802000045776367,3965513,0.7919999957084656
2021-08-09,0.7900000214576721,0.8029999732971191,0.7799999713897705,5055730,0.801800012588501
2021-08-10,0.8051999807357788,0.8055999875068665,0.7983999848365784,5995072,0.800000011920929
2021-08-11,0.800000011920929,0.8073999881744385,0.7990000247955322,6273512,0.8046000003814697
2021-08-12,0.7978000044822693,0.8077999949455261,0.7929999828338623,673086,0.800000011920929
2021-08-13,0.7914000153541565,0.8040000200271606,0.7914000153541565,6593222,0.7972000241279602
2021-08-16,0.7918000221252441,0.800000011920929,0.7860000133514404,587001,0.800000011920929
2021-08-17,0.800000011920929,0.8101999759674072,0.7918000221252441,3921782,0.8101999759674072
2021-08-18,0.8101999759674072,0.8140000104904175,0.801800012588501,1204985,0.8140000104904175
2021-08-19,0.8100000023841858,0.8100000023841858,0.7802000045776367,2269002,0.7802000045776367
2021-08-20,0.7699999809265137,0.7929999828338623,0.7652000188827515,2226173,0.7799999713897705
2021-08-23,0.7799999713897705,0.7919999957084656,0.7799999713897705,2443304,0.781000018119812
2021-08-24,0.781000018119812,0.7968000173568726,0.781000018119812,3106860,0.7914000153541565
2021-08-25,0.7965999841690063,0.7968000173568726,0.7879999876022339,3081540,0.7968000173568726
2021-08-26,0.7932000160217285,0.7997999787330627,0.7919999957084656,2111084,0.7982000112533569
2021-08-27,0.7979999780654907,0.800000011920929,0.7910000085830688,1266885,0.7940000295639038
2021-08-30,0.7940000295639038,0.8130000233650208,0.7940000295639038,13340129,0.8059999942779541
2021-08-31,0.8154000043869019,0.8166000247001648,0.8001999855041504,10746128,0.8069999814033508
2021-09-01,0.8151999711990356,0.8302000164985657,0.8100000023841858,29453743,0.8271999955177307
2021-09-02,0.8220000267028809,0.8295999765396118,0.8205999732017517,4052562,0.8295999765396118
2021-09-03,0.829800009727478,0.8500000238418579,0.8256000280380249,8606546,0.8479999899864197
2021-09-06,0.8529999852180481,0.8569999933242798,0.8381999731063843,2077329,0.8500000238418579
2021-09-07,0.8529999852180481,0.8529999852180481,0.8252000212669373,3428340,0.8389999866485596
2021-09-08,0.824999988079071,0.8389999866485596,0.8109999895095825,3683686,0.8389999866485596
2021-09-09,0.8320000171661377,0.8371999859809875,0.8235999941825867,19393521,0.8295999765396118
2021-09-10,0.8270000219345093,0.8529999852180481,0.8270000219345093,4855567,0.8360000252723694
2021-09-13,0.8399999737739563,0.8429999947547913,0.8360000252723694,2931359,0.8410000205039978
2021-09-14,0.8420000076293945,0.848800003528595,0.8352000117301941,4232129,0.848800003528595
2021-09-15,0.8489999771118164,0.8497999906539917,0.8366000056266785,4176974,0.8450000286102295
2021-09-16,0.8450000286102295,0.849399983882904,0.8411999940872192,3656983,0.8479999899864197
2021-09-17,0.8479999899864197,0.8629999756813049,0.8434000015258789,20145068,0.8629999756813049
2021-09-20,0.8432000279426575,0.8460000157356262,0.8299999833106995,5273330,0.8379999995231628
2021-09-21,0.8399999737739563,0.8456000089645386,0.8303999900817871,7052056,0.8379999995231628
2021-09-22,0.8360000252723694,0.843999981880188,0.8303999900817871,3073857,0.8392000198364258
2021-09-23,0.8450000286102295,0.8479999899864197,0.8357999920845032,3019475,0.8360000252723694
2021-09-24,0.828000009059906,0.8299999833106995,0.8180000185966492,6033739,0.8205999732017517
2021-09-27,0.8205999732017517,0.8398000001907349,0.8116000294685364,2738773,0.8398000001907349
2021-09-28,0.8398000001907349,0.84579998254776,0.8154000043869019,2881194,0.8154000043869019
2021-09-29,0.8199999928474426,0.824400007724762,0.8062000274658203,2928506,0.8101999759674072
2021-09-30,0.8100000023841858,0.8253999948501587,0.8059999942779541,7091500,0.8100000023841858
2021-10-01,0.7900000214576721,0.8295999765396118,0.7900000214576721,2248444,0.8149999976158142
2021-10-04,0.8144000172615051,0.824999988079071,0.8118000030517578,2471409,0.8199999928474426
2021-10-05,0.8122000098228455,0.8320000171661377,0.8122000098228455,2357060,0.8320000171661377
2021-10-06,0.8320000171661377,0.8349999785423279,0.8198000192642212,2561880,0.8299999833106995
2021-10-07,0.8299999833106995,0.8429999947547913,0.8299999833106995,19888131,0.8399999737739563
2021-10-08,0.8399999737739563,0.8482000231742859,0.8398000001907349,5078587,0.8410000205039978
2021-10-11,0.8410000205039978,0.847000002861023,0.8334000110626221,1428418,0.8450000286102295
2021-10-12,0.8306000232696533,0.8565999865531921,0.8306000232696533,4422452,0.8565999865531921
2021-10-13,0.8565999865531921,0.8629999756813049,0.8453999757766724,1916782,0.8500000238418579
2021-10-14,0.8539999723434448,0.8578000068664551,0.8416000008583069,2443355,0.8529999852180481
2021-10-15,0.8550000190734863,0.8695999979972839,0.8501999974250793,4619151,0.8695999979972839
2021-10-18,0.8700000047683716,0.8980000019073486,0.8691999912261963,8072449,0.8858000040054321
2021-10-19,0.8858000040054321,0.8999999761581421,0.875,8302275,0.8999999761581421
2021-10-20,0.8949999809265137,0.9056000113487244,0.8949999809265137,8076533,0.9025999903678894
2021-10-21,0.9035999774932861,0.9061999917030334,0.8953999876976013,9679272,0.9061999917030334
2021-10-22,0.9061999917030334,0.9200000166893005,0.9016000032424927,9599883,0.9154000282287598
2021-10-25,0.9200000166893005,0.9200000166893005,0.9074000120162964,46134811,0.9100000262260437
2021-10-26,0.9186000227928162,0.9291999936103821,0.9064000248908997,4685779,0.9100000262260437
2021-10-27,0.9100000262260437,0.9210000038146973,0.9100000262260437,7132490,0.9151999950408936
2021-10-29,0.9100000262260437,0.9100000262260437,0.8889999985694885,13116023,0.9034000039100647
2021-11-01,0.9034000039100647,0.9390000104904175,0.8949999809265137,5104489,0.9300000071525574
2021-11-02,0.9215999841690063,0.9426000118255615,0.9215999841690063,12384219,0.9426000118255615
2021-11-03,0.9399999976158142,0.9598000049591064,0.9399999976158142,7796071,0.9567999839782715
2021-11-04,0.9599999785423279,0.9678000211715698,0.9488000273704529,5248488,0.9620000123977661
2021-11-05,0.9620000123977661,0.9779999852180481,0.949999988079071,4214362,0.9779999852180481
2021-11-08,0.9779999852180481,0.9782000184059143,0.9679999947547913,3292034,0.9769999980926514
2021-11-09,0.9746000170707703,0.9769999980926514,0.9599999785423279,1530268,0.9617999792098999
2021-11-10,0.9660000205039978,0.9688000082969666,0.949400007724762,1468255,0.9688000082969666
2021-11-11,0.9599999785423279,0.9635999798774719,0.9549999833106995,1609547,0.9599999785423279
2021-11-12,0.9696000218391418,0.9696000218391418,0.9509999752044678,1703274,0.9539999961853027
2021-11-15,0.9559999704360962,0.9621999859809875,0.9452000260353088,2088377,0.9480000138282776
2021-11-16,0.9559999704360962,0.9750000238418579,0.9534000158309937,8879336,0.9599999785423279
2021-11-17,0.9599999785423279,0.968999981880188,0.954800009727478,9980912,0.9660000205039978
2021-11-18,0.9635999798774719,0.9814000129699707,0.9635999798774719,3108393,0.9800000190734863
2021-11-19,0.9760000109672546,0.9800000190734863,0.9549999833106995,5611777,0.9700000286102295
2021-11-22,0.9599999785423279,0.9728000164031982,0.9588000178337097,6227869,0.9599999785423279
2021-11-23,0.9419999718666077,0.9488000273704529,0.9315999746322632,8414493,0.9399999976158142
2021-11-24,0.9301999807357788,0.9373999834060669,0.9161999821662903,6016381,0.925000011920929
2021-11-25,0.9381999969482422,0.9381999969482422,0.9229999780654907,1719827,0.9300000071525574
2021-11-26,0.8899999856948853,0.9031999707221985,0.8751999735832214,12267137,0.883400022983551
2021-11-29,0.8899999856948853,0.9052000045776367,0.8849999904632568,7655266,0.8953999876976013
2021-11-30,0.8899999856948853,0.8903999924659729,0.8790000081062317,17680354,0.8790000081062317
2021-12-01,0.8799999952316284,0.8916000127792358,0.878000020980835,6592740,0.8899999856948853
2021-12-02,0.8759999871253967,0.9028000235557556,0.8754000067710876,1934933,0.9028000235557556
2021-12-03,0.9100000262260437,0.91839998960495,0.9028000235557556,5638477,0.9100000262260437
2021-12-06,0.9129999876022339,0.9172000288963318,0.8920000195503235,2613030,0.9079999923706055
2021-12-07,0.9100000262260437,0.9282000064849854,0.9100000262260437,3101689,0.9282000064849854
2021-12-08,0.9350000023841858,0.9350000023841858,0.9192000031471252,3846354,0.9200000166893005
2021-12-09,0.925599992275238,0.925599992275238,0.9103999733924866,1695594,0.9200000166893005
2021-12-10,0.9075999855995178,0.9297999739646912,0.9075999855995178,1028778,0.9120000004768372
2021-12-13,0.9160000085830688,0.9240000247955322,0.8974000215530396,3192607,0.9016000032424927
2021-12-14,0.8999999761581421,0.9043999910354614,0.8870000243186951,3970613,0.8999999761581421
2021-12-15,0.9075999855995178,0.9150000214576721,0.8841999769210815,2795029,0.8849999904632568
2021-12-16,0.8970000147819519,0.9165999889373779,0.8953999876976013,2225047,0.9103999733924866
2021-12-17,0.9049999713897705,0.9089999794960022,0.8790000081062317,8041110,0.8795999884605408
2021-12-20,0.8555999994277954,0.8697999715805054,0.8371999859809875,3318567,0.8697999715805054
2021-12-21,0.8799999952316284,0.901199996471405,0.873199999332428,3123499,0.8899999856948853
2021-12-22,0.8980000019073486,0.8980000019073486,0.8840000033378601,1949552,0.8899999856948853
2021-12-23,0.8841999769210815,0.9038000106811523,0.8841999769210815,2193959,0.8960000276565552
2021-12-27,0.8960000276565552,0.8970000147819519,0.8849999904632568,1213567,0.8889999985694885
2021-12-28,0.8855999708175659,0.8989999890327454,0.8855999708175659,2049697,0.892799973487854
2021-12-29,0.8859999775886536,0.9089999794960022,0.8859999775886536,3175437,0.8999999761581421
2021-12-30,0.8999999761581421,0.90420001745224,0.8899999856948853,1470414,0.8949999809265137
2021-12-31,0.9088000059127808,0.9088000059127808,0.8899999856948853,1454462,0.8913999795913696
2022-01-03,0.9038000106811523,0.9100000262260437,0.896399974822998,2283817,0.9049999713897705
2022-01-04,0.9100000262260437,0.9240000247955322,0.9020000100135803,2026893,0.9100000262260437
2022-01-05,0.9200000166893005,0.9326000213623047,0.906000018119812,2256398,0.9326000213623047
2022-01-07,0.9300000071525574,0.9747999906539917,0.91839998960495,11653383,0.9549999833106995
2022-01-10,0.9649999737739563,0.9944000244140625,0.9620000123977661,10663975,0.9868000149726868
2022-01-11,0.9868000149726868,1.0099999904632568,0.9868000149726868,9858415,1.0099999904632568
2022-01-12,1.0169999599456787,1.0169999599456787,0.9976000189781189,8036569,1.0160000324249268
2022-01-13,1.0160000324249268,1.0160000324249268,0.9986000061035156,6886662,1.0089999437332153
2022-01-14,1.0,1.002500057220459,0.9890000224113464,8558593,1.0
2022-01-17,1.0099999904632568,1.0164999961853027,0.996999979019165,2184727,1.000499963760376
2022-01-18,1.000499963760376,1.000499963760376,0.9814000129699707,2855297,0.9900000095367432
2022-01-19,0.9800000190734863,1.0075000524520874,0.9800000190734863,4183103,1.0075000524520874
2022-01-20,0.998199999332428,1.0140000581741333,0.9919999837875366,3140994,1.0075000524520874
2022-01-21,0.9959999918937683,1.0080000162124634,0.9769999980926514,4439827,0.9940000176429749
2022-01-24,0.9940000176429749,0.9940000176429749,0.9488000273704529,5044616,0.9675999879837036
2022-01-25,0.9678000211715698,0.9837999939918518,0.9549999833106995,3384159,0.9700000286102295
2022-01-26,0.9819999933242798,0.9900000095367432,0.9729999899864197,6148831,0.978600025177002
2022-01-27,0.978600025177002,0.989799976348877,0.9642000198364258,6708084,0.982200026512146
2022-01-28,0.9800000190734863,0.9958000183105469,0.9675999879837036,4679354,0.9760000109672546
2022-01-31,0.996999979019165,1.0084999799728394,0.9887999892234802,7026484,1.0019999742507935
2022-02-01,1.0099999904632568,1.0190000534057617,1.003000020980835,9163320,1.0125000476837158
2022-02-02,1.0149999856948853,1.0514999628067017,1.0149999856948853,6348125,1.0449999570846558
2022-02-03,1.0449999570846558,1.0535000562667847,1.0299999713897705,4381522,1.0449999570846558
2022-02-04,1.0449999570846558,1.065999984741211,1.031000018119812,12339653,1.0499999523162842
2022-02-07,1.059999942779541,1.0614999532699585,1.0479999780654907,4111723,1.059999942779541
2022-02-08,1.059999942779541,1.0705000162124634,1.0505000352859497,15114110,1.0700000524520874
2022-02-09,1.0994999408721924,1.1115000247955322,1.0859999656677246,13589443,1.1080000400543213
2022-02-10,1.1100000143051147,1.1295000314712524,1.0894999504089355,7719685,1.1295000314712524
2022-02-11,1.1134999990463257,1.149999976158142,1.1054999828338623,16929391,1.1440000534057617
2022-02-14,1.090000033378601,1.125,1.0705000162124634,8097021,1.1080000400543213
2022-02-15,1.1119999885559082,1.1449999809265137,1.1119999885559082,5069194,1.125
2022-02-16,1.1480000019073486,1.149999976158142,1.1319999694824219,8723861,1.1399999856948853
2022-02-17,1.1399999856948853,1.1430000066757202,1.121999979019165,3293837,1.1325000524520874
2022-02-18,1.121000051498413,1.149999976158142,1.1169999837875366,5891613,1.1375000476837158
2022-02-21,1.149999976158142,1.159000039100647,1.1265000104904175,4984401,1.1449999809265137
2022-02-22,1.1030000448226929,1.1490000486373901,1.1030000448226929,8133063,1.1390000581741333
2022-02-23,1.1419999599456787,1.149999976158142,1.1354999542236328,3354162,1.1434999704360962
2022-02-24,1.0850000381469727,1.1080000400543213,1.0019999742507935,15584331,1.0199999809265137
2022-02-25,1.0384999513626099,1.090999960899353,1.0384999513626099,10972992,1.0859999656677246
2022-02-28,1.0399999618530273,1.0399999618530273,0.9363999962806702,25468337,0.9761999845504761
2022-03-01,0.9761999845504761,0.9828000068664551,0.8999999761581421,11822218,0.9350000023841858
2022-03-02,0.920199990272522,0.9211999773979187,0.8429999947547913,31417063,0.8898000121116638
2022-03-03,0.9120000004768372,0.9150000214576721,0.8672000169754028,10711718,0.8948000073432922
2022-03-04,0.8511999845504761,0.8565999865531921,0.8202000260353088,13193024,0.8407999873161316
2022-03-08,0.8299999833106995,0.8320000171661377,0.7710000276565552,22207005,0.7900000214576721
2022-03-09,0.8399999737739563,0.8600000143051147,0.8180000185966492,13447189,0.8450000286102295
2022-03-10,0.847000002861023,0.8586000204086304,0.8023999929428101,17230943,0.8320000171661377
2022-03-11,0.8349999785423279,0.9480000138282776,0.8349999785423279,15501534,0.9114000201225281
2022-03-14,0.9359999895095825,0.972000002861023,0.9121999740600586,9789375,0.9179999828338623
2022-03-15,0.9079999923706055,0.925000011920929,0.8853999972343445,4489857,0.9133999943733215
2022-03-16,0.9472000002861023,1.0269999504089355,0.9472000002861023,14192816,1.0169999599456787
2022-03-17,1.0399999618530273,1.0399999618530273,0.9890000224113464,14979057,1.0084999799728394
2022-03-18,1.0089999437332153,1.0444999933242798,0.9929999709129333,12886560,1.0444999933242798
2022-03-21,1.0490000247955322,1.0579999685287476,1.0149999856948853,3440526,1.0149999856948853
2022-03-22,1.0299999713897705,1.0434999465942383,1.0149999856948853,4527503,1.0299999713897705
2022-03-23,1.034000039100647,1.0420000553131104,0.9980000257492065,3244878,1.0140000581741333
2022-03-24,1.0199999809265137,1.0210000276565552,0.9980000257492065,5587339,1.000499963760376
2022-03-28,1.0199999809265137,1.0449999570846558,1.0149999856948853,4789505,1.037500023841858
2022-03-29,1.0379999876022339,1.1080000400543213,1.0379999876022339,8736824,1.093999981880188
2022-03-30,1.0800000429153442,1.0894999504089355,1.0499999523162842,4441724,1.0540000200271606
2022-03-31,1.0709999799728394,1.096500039100647,1.0625,7415949,1.0625
2022-04-01,1.0670000314712524,1.0779999494552612,1.0540000200271606,3502529,1.062999963760376
2022-04-04,1.0670000314712524,1.0800000429153442,1.0579999685287476,3911995,1.059999942779541
2022-04-05,1.0674999952316284,1.0820000171661377,1.0325000286102295,4520681,1.0420000553131104
2022-04-06,1.0299999713897705,1.0384999513626099,1.0099999904632568,4617308,1.0099999904632568
2022-04-07,1.0269999504089355,1.0449999570846558,1.0160000324249268,3154760,1.0299999713897705
2022-04-08,1.059000015258789,1.0805000066757202,1.0299999713897705,5020014,1.0299999713897705
2022-04-11,1.0399999618530273,1.0740000009536743,1.031499981880188,2684011,1.0714999437332153
2022-04-12,1.0549999475479126,1.0770000219345093,1.0420000553131104,5975683,1.0555000305175781
2022-04-13,1.059999942779541,1.0694999694824219,1.0499999523162842,1722097,1.0540000200271606
2022-04-14,1.0540000200271606,1.0674999952316284,1.0214999914169312,2791245,1.0214999914169312
2022-04-19,1.0299999713897705,1.0470000505447388,1.0110000371932983,2726129,1.0219999551773071
2022-04-20,1.0434999465942383,1.0640000104904175,1.0299999713897705,6166502,1.059999942779541
2022-04-21,1.06850004196167,1.090999960899353,1.0644999742507935,5905063,1.0700000524520874
2022-04-26,1.059999942779541,1.0700000524520874,1.031000018119812,7204096,1.031000018119812
2022-04-27,1.0119999647140503,1.0180000066757202,0.9901999831199646,6422605,0.9976000189781189
2022-04-28,1.0099999904632568,1.024999976158142,1.0010000467300415,3302451,1.006500005722046
2022-04-29,1.0125000476837158,1.0230000019073486,0.9879999756813049,5946416,0.9998000264167786
2022-05-03,1.0,1.0,0.9350000023841858,6883794,0.9584000110626221
2022-05-04,0.9660000205039978,0.9728000164031982,0.9559999704360962,4375516,0.9700000286102295
2022-05-05,0.9995999932289124,1.006500005722046,0.949999988079071,4525012,0.9620000123977661
2022-05-06,0.9399999976158142,0.9453999996185303,0.8903999924659729,8063171,0.9179999828338623
2022-05-09,0.9039999842643738,0.9251999855041504,0.8880000114440918,5653808,0.8989999890327454
2022-05-10,0.8989999890327454,0.9197999835014343,0.8740000128746033,9210957,0.9100000262260437
2022-05-11,0.9100000262260437,0.953000009059906,0.8967999815940857,8273961,0.902400016784668
2022-05-12,0.8820000290870667,0.8989999890327454,0.8579999804496765,7984756,0.8673999905586243
2022-05-13,0.8899999856948853,0.9193999767303467,0.8899999856948853,5520384,0.8999999761581421
2022-05-16,0.8999999761581421,0.9190000295639038,0.8700000047683716,5783545,0.8956000208854675
2022-05-17,0.9139999747276306,0.9179999828338623,0.9031999707221985,7333785,0.9075999855995178
2022-05-18,0.9218000173568726,0.9261999726295471,0.902999997138977,5808052,0.9035999774932861
2022-05-19,0.8799999952316284,0.8898000121116638,0.8640000224113464,5775574,0.8898000121116638
2022-05-20,0.9100000262260437,0.9386000037193298,0.9065999984741211,5237361,0.9386000037193298
2022-05-23,0.949999988079071,0.9642000198364258,0.9419999718666077,245163,0.9449999928474426
2022-05-24,0.9480000138282776,0.9700000286102295,0.9419999718666077,4348927,0.9575999975204468
2022-05-25,0.9575999975204468,0.9769999980926514,0.9575999975204468,3359635,0.9700000286102295
2022-05-26,0.9900000095367432,1.0199999809265137,0.9900000095367432,8550525,1.0199999809265137
2022-05-27,1.0199999809265137,1.0399999618530273,1.0199999809265137,4144569,1.0199999809265137
2022-05-30,1.0299999713897705,1.0449999570846558,1.027500033378601,3174135,1.0399999618530273
2022-05-31,1.0379999876022339,1.0499999523162842,1.0164999961853027,15690615,1.0425000190734863
2022-06-01,1.0449999570846558,1.0694999694824219,1.034000039100647,6898815,1.0549999475479126
2022-06-02,1.0399999618530273,1.059000015258789,1.0169999599456787,4468231,1.0169999599456787
2022-06-03,1.0360000133514404,1.0529999732971191,1.024999976158142,4018875,1.0520000457763672
2022-06-06,1.0499999523162842,1.065000057220459,1.0455000400543213,2819576,1.0575000047683716
2022-06-07,1.0575000047683716,1.0575000047683716,1.0099999904632568,3237408,1.0264999866485596
2022-06-08,1.0255000591278076,1.0384999513626099,0.996999979019165,2609714,1.0099999904632568
2022-06-09,1.0,1.0169999599456787,0.9789999723434448,2429988,0.9869999885559082
2022-06-10,0.9700000286102295,0.9700000286102295,0.9441999793052673,5278714,0.9549999833106995
2022-06-14,0.8999999761581421,0.921999990940094,0.8924000263214111,5880598,0.8988000154495239
2022-06-15,0.8999999761581421,0.9157999753952026,0.8906000256538391,6765261,0.9150000214576721
2022-06-16,0.9190000295639038,0.9190000295639038,0.8700000047683716,4547832,0.8709999918937683
2022-06-17,0.8709999918937683,0.8948000073432922,0.8511999845504761,11199636,0.8579999804496765
2022-06-20,0.8579999804496765,0.8709999918937683,0.8532000184059143,2255306,0.8579999804496765
2022-06-21,0.8619999885559082,0.9115999937057495,0.8619999885559082,4594865,0.9079999923706055
2022-06-22,0.8899999856948853,0.9279999732971191,0.8632000088691711,5755543,0.902999997138977
2022-06-23,0.9120000004768372,0.9178000092506409,0.8920000195503235,8548344,0.8989999890327454
2022-06-24,0.9075999855995178,0.9075999855995178,0.885200023651123,11862265,0.8960000276565552
2022-06-27,0.9197999835014343,0.923799991607666,0.890999972820282,2076580,0.8949999809265137
2022-06-28,0.8960000276565552,0.9039999842643738,0.8740000128746033,2201828,0.885200023651123
2022-06-29,0.875,0.885200023651123,0.8651999831199646,3952020,0.8700000047683716
2022-06-30,0.8700000047683716,0.8700000047683716,0.8360000252723694,2222711,0.842199981212616
2022-07-01,0.8399999737739563,0.8479999899864197,0.824999988079071,6988945,0.8259999752044678
2022-07-04,0.8220000267028809,0.8360000252723694,0.7928000092506409,3882848,0.8151999711990356
2022-07-05,0.8119999766349792,0.8277999758720398,0.7110000252723694,11239354,0.7203999757766724
2022-07-06,0.7404000163078308,0.7537999749183655,0.7129999995231628,16343433,0.7310000061988831
2022-07-07,0.7498000264167786,0.7639999985694885,0.739799976348877,14175412,0.7599999904632568
2022-07-08,0.769599974155426,0.7900000214576721,0.7562000155448914,31724575,0.7900000214576721
2022-07-11,0.7799999713897705,0.7799999713897705,0.7450000047683716,5073508,0.7599999904632568
2022-07-12,0.75,0.7681999802589417,0.7400000095367432,6877782,0.7487999796867371
2022-07-13,0.7491999864578247,0.7667999863624573,0.7432000041007996,3713595,0.7631999850273132
2022-07-14,0.769599974155426,0.7699999809265137,0.7350000143051147,4210910,0.75
2022-07-15,0.75,0.7577999830245972,0.7350000143051147,2159262,0.7440000176429749
2022-07-18,0.7559999823570251,0.7746000289916992,0.7559999823570251,1383227,0.769599974155426
2022-07-19,0.7605999708175659,0.7897999882698059,0.7549999952316284,3406696,0.7897999882698059
2022-07-20,0.7979999780654907,0.8080000281333923,0.7793999910354614,6007973,0.7900000214576721
2022-07-21,0.800000011920929,0.8379999995231628,0.7901999950408936,4164367,0.8360000252723694
2022-07-22,0.8360000252723694,0.8560000061988831,0.8203999996185303,4114200,0.8289999961853027
2022-07-25,0.8289999961853027,0.843999981880188,0.8149999976158142,1420765,0.8299999833106995
2022-07-26,0.8399999737739563,0.8399999737739563,0.824999988079071,900804,0.8349999785423279
2022-07-27,0.8360000252723694,0.8550000190734863,0.8360000252723694,2952150,0.8550000190734863
2022-07-28,0.8600000143051147,0.8888000249862671,0.8550000190734863,5433113,0.8799999952316284
2022-07-29,0.8899999856948853,0.9010000228881836,0.8835999965667725,4809075,0.8938000202178955
2022-08-01,0.9100000262260437,0.9539999961853027,0.9100000262260437,6802637,0.946399986743927
2022-08-02,0.9300000071525574,0.9900000095367432,0.9300000071525574,6491395,0.9747999906539917
2022-08-03,0.9646000266075134,0.9771999716758728,0.9599999785423279,6536658,0.9679999947547913
2022-08-04,0.9796000123023987,0.9850000143051147,0.9480000138282776,6168754,0.9549999833106995
2022-08-05,0.9549999833106995,0.9549999833106995,0.9314000010490417,5191475,0.9408000111579895
2022-08-08,0.9380000233650208,0.9490000009536743,0.920199990272522,4631805,0.9399999976158142
2022-08-09,0.9399999976158142,0.9399999976158142,0.9319999814033508,3998738,0.9399999976158142
2022-08-10,0.9399999976158142,0.9648000001907349,0.9341999888420105,4426991,0.9599999785423279
2022-08-11,0.9750000238418579,0.9800000190734863,0.9598000049591064,3610790,0.9599999785423279
2022-08-12,0.9697999954223633,0.9697999954223633,0.9419999718666077,6259499,0.9599999785423279
2022-08-16,0.9599999785423279,0.9850000143051147,0.9599999785423279,12884102,0.984000027179718
2022-08-17,0.9739999771118164,0.989799976348877,0.9610000252723694,3348995,0.9836000204086304
2022-08-18,0.9710000157356262,0.9900000095367432,0.9610000252723694,7791519,0.9900000095367432
2022-08-19,0.9800000190734863,0.9937999844551086,0.9800000190734863,7995094,0.9900000095367432
2022-08-22,0.9860000014305115,0.9919999837875366,0.9710000157356262,5845498,0.9855999946594238
2022-08-23,0.9779999852180481,0.9879999756813049,0.97079998254776,4298460,0.9764000177383423
2022-08-24,0.9603999853134155,0.9696000218391418,0.9516000151634216,15219853,0.9620000123977661
2022-08-25,0.9700000286102295,0.9818000197410583,0.9607999920845032,3943828,0.9675999879837036
2022-08-26,0.9747999906539917,0.9747999906539917,0.9508000016212463,1652087,0.9678000211715698
2022-08-29,0.921999990940094,0.9452000260353088,0.9136000275611877,6016891,0.9452000260353088
2022-08-30,0.9399999976158142,0.9549999833106995,0.9229999780654907,3694066,0.9333999752998352
2022-08-31,0.9264000058174133,0.9332000017166138,0.9070000052452087,6288371,0.9300000071525574
2022-09-01,0.9139999747276306,0.9290000200271606,0.9034000039100647,5525877,0.9034000039100647
2022-09-02,0.9034000039100647,0.9240000247955322,0.8791999816894531,7894742,0.8989999890327454
2022-09-05,0.8646000027656555,0.8885999917984009,0.8646000027656555,7740369,0.8859999775886536
2022-09-06,0.8859999775886536,0.8899999856948853,0.8655999898910522,2586173,0.878600001335144
2022-09-07,0.8610000014305115,0.8795999884605408,0.8529999852180481,5265318,0.8679999709129333
2022-09-08,0.8661999702453613,0.8930000066757202,0.8593999743461609,8073956,0.8849999904632568
2022-09-09,0.8999999761581421,0.9179999828338623,0.8931999802589417,5887124,0.9082000255584717
2022-09-12,0.9190000295639038,0.9315999746322632,0.9169999957084656,3250810,0.9247999787330627
2022-09-13,0.9309999942779541,0.9348000288009644,0.8949999809265137,6123862,0.909600019454956
2022-09-14,0.8899999856948853,0.9020000100135803,0.8831999897956848,5325809,0.8949999809265137
2022-09-15,0.8999999761581421,0.9222000241279602,0.8999999761581421,5830058,0.8999999761581421
2022-09-16,0.8899999856948853,0.921999990940094,0.8844000101089478,12528334,0.921999990940094
2022-09-19,0.8999999761581421,0.9218000173568726,0.8970000147819519,2162215,0.9200000166893005
2022-09-20,0.9259999990463257,0.9480000138282776,0.9246000051498413,5731474,0.9419999718666077
2022-09-21,0.9229999780654907,0.9265999794006348,0.8970000147819519,5361266,0.9129999876022339
2022-09-22,0.8880000114440918,0.9150000214576721,0.8880000114440918,4202063,0.9049999713897705
2022-09-23,0.9049999713897705,0.9049999713897705,0.8560000061988831,4959001,0.8748000264167786
2022-09-26,0.8659999966621399,0.8830000162124634,0.8420000076293945,3310651,0.870199978351593
2022-09-27,0.8799999952316284,0.8960000276565552,0.8759999871253967,7984325,0.8802000284194946
2022-09-28,0.8802000284194946,0.8802000284194946,0.8407999873161316,6396567,0.8600000143051147
2022-09-29,0.8600000143051147,0.8629999756813049,0.8417999744415283,3244631,0.8521999716758728
2022-09-30,0.8600000143051147,0.8600000143051147,0.8435999751091003,4902590,0.8560000061988831
2022-10-03,0.8399999737739563,0.8560000061988831,0.8330000042915344,3551831,0.8560000061988831
2022-10-04,0.878000020980835,0.8899999856948853,0.8651999831199646,3869528,0.8844000101089478
2022-10-05,0.8844000101089478,0.8844000101089478,0.8700000047683716,1103009,0.883400022983551
2022-10-06,0.8962000012397766,0.8962000012397766,0.8712000250816345,4107850,0.878000020980835
2022-10-07,0.8867999911308289,0.8888000249862671,0.8673999905586243,1591988,0.8799999952316284
2022-10-10,0.8799999952316284,0.8894000053405762,0.8539999723434448,1590149,0.8873999714851379
2022-10-11,0.8723999857902527,0.8899999856948853,0.870199978351593,3007189,0.8881999850273132
2022-10-12,0.8799999952316284,0.8925999999046326,0.8777999877929688,7334861,0.8899999856948853
2022-10-13,0.8899999856948853,0.9038000106811523,0.8654000163078308,2424812,0.8884000182151794
2022-10-14,0.9097999930381775,0.9319999814033508,0.9010000228881836,3875784,0.9265999794006348
2022-10-17,0.9279999732971191,0.9390000104904175,0.9196000099182129,2352143,0.9300000071525574
2022-10-18,0.9399999976158142,0.9580000042915344,0.9366000294685364,2777630,0.9580000042915344
2022-10-19,0.9580000042915344,0.9580000042915344,0.9419999718666077,2595758,0.9508000016212463
2022-10-20,0.9344000220298767,0.9610000252723694,0.9344000220298767,3449035,0.9610000252723694
2022-10-21,0.9599999785423279,0.9599999785423279,0.9355999827384949,2767825,0.9599999785423279
2022-10-24,0.9599999785423279,0.9810000061988831,0.946399986743927,1763768,0.9800000190734863
2022-10-25,0.9800000190734863,0.9800000190734863,0.9520000219345093,3363192,0.9697999954223633
2022-10-26,0.9697999954223633,0.9832000136375427,0.9611999988555908,3013573,0.9729999899864197
2022-10-27,0.9729999899864197,0.9815999865531921,0.9599999785423279,3010926,0.9815999865531921
2022-10-31,0.9829999804496765,1.0,0.9700000286102295,4364884,1.0
2022-11-01,1.0,1.0099999904632568,0.9855999946594238,2967009,1.0099999904632568
2022-11-02,1.0130000114440918,1.0130000114440918,0.996999979019165,2209505,1.0019999742507935
2022-11-03,0.9861999750137329,0.9944000244140625,0.9783999919891357,2508400,0.9937999844551086
2022-11-04,0.9900000095367432,1.0219999551773071,0.9879999756813049,4184306,1.0134999752044678
2022-11-07,1.0019999742507935,1.0440000295639038,1.0019999742507935,4852047,1.0399999618530273
2022-11-08,1.0499999523162842,1.0570000410079956,1.031999945640564,2468729,1.034999966621399
2022-11-09,1.037500023841858,1.0709999799728394,1.0234999656677246,6063532,1.0709999799728394
2022-11-10,1.059999942779541,1.090000033378601,1.055999994277954,2888642,1.090000033378601
2022-11-11,1.100000023841858,1.1069999933242798,1.059999942779541,7760002,1.0750000476837158
2022-11-14,1.0679999589920044,1.0750000476837158,1.059499979019165,1922901,1.0709999799728394
2022-11-15,1.0700000524520874,1.0800000429153442,1.0549999475479126,5083158,1.0709999799728394
2022-11-16,1.0709999799728394,1.0709999799728394,1.0299999713897705,4228653,1.0384999513626099
2022-11-17,1.0425000190734863,1.0479999780654907,1.0269999504089355,2433570,1.0399999618530273
2022-11-18,1.0494999885559082,1.062999963760376,1.0399999618530273,2537352,1.0499999523162842
2022-11-21,1.0499999523162842,1.0894999504089355,1.0429999828338623,2444706,1.0894999504089355
2022-11-22,1.0800000429153442,1.0889999866485596,1.0714999437332153,6229399,1.0789999961853027
2022-11-23,1.0789999961853027,1.090999960899353,1.0720000267028809,4897941,1.0720000267028809
2022-11-24,1.0850000381469727,1.1180000305175781,1.0785000324249268,3772202,1.1100000143051147
2022-11-25,1.1100000143051147,1.1104999780654907,1.0844999551773071,2555001,1.097000002861023
2022-11-28,1.0720000267028809,1.0885000228881836,1.0720000267028809,1956400,1.0729999542236328
2022-11-29,1.0889999866485596,1.0889999866485596,1.0729999542236328,2316389,1.0770000219345093
2022-11-30,1.0705000162124634,1.093999981880188,1.0705000162124634,10375057,1.090000033378601
2022-12-01,1.0980000495910645,1.1234999895095825,1.090000033378601,3338176,1.1124999523162842
2022-12-02,1.1085000038146973,1.1169999837875366,1.0614999532699585,6327253,1.0614999532699585
2022-12-05,1.0740000009536743,1.0740000009536743,1.0049999952316284,13363312,1.0240000486373901
2022-12-06,1.0290000438690186,1.0379999876022339,0.9954000115394592,9759017,1.0069999694824219
2022-12-07,0.9959999918937683,1.031000018119812,0.9959999918937683,13895584,1.0199999809265137
2022-12-08,1.0199999809265137,1.0429999828338623,1.0190000534057617,3691819,1.0299999713897705
2022-12-09,1.0299999713897705,1.0460000038146973,1.0299999713897705,2592095,1.0399999618530273
2022-12-12,1.0399999618530273,1.0475000143051147,1.0219999551773071,2244615,1.0379999876022339
2022-12-13,1.0434999465942383,1.0505000352859497,1.024999976158142,4954780,1.0399999618530273
2022-12-14,1.0399999618530273,1.0549999475479126,1.031999945640564,1900735,1.0410000085830688
2022-12-15,1.0410000085830688,1.0470000505447388,1.0149999856948853,1962123,1.0325000286102295
2022-12-16,1.0299999713897705,1.0299999713897705,1.0,5397917,1.0210000276565552
2022-12-19,1.0210000276565552,1.0460000038146973,1.0210000276565552,2243483,1.0369999408721924
2022-12-20,1.0199999809265137,1.0455000400543213,1.0199999809265137,1706807,1.0379999876022339
2022-12-21,1.0379999876022339,1.0520000457763672,1.0299999713897705,3126814,1.0429999828338623
2022-12-22,1.0410000085830688,1.059000015258789,1.0390000343322754,5210891,1.0499999523162842
2022-12-23,1.0475000143051147,1.0499999523162842,1.0399999618530273,477227,1.0470000505447388
2022-12-27,1.0449999570846558,1.059999942779541,1.0405000448226929,253933,1.0499999523162842
2022-12-28,1.0499999523162842,1.059000015258789,1.0405000448226929,1666097,1.0520000457763672
2022-12-29,1.0520000457763672,1.0529999732971191,1.0384999513626099,1854717,1.0460000038146973
2022-12-30,1.0449999570846558,1.0575000047683716,1.0384999513626099,2020187,1.0549999475479126
2023-01-02,1.0520000457763672,1.0794999599456787,1.0494999885559082,615390,1.0700000524520874
2023-01-03,1.0950000286102295,1.0950000286102295,1.0759999752044678,1711503,1.0800000429153442
2023-01-04,1.0720000267028809,1.100000023841858,1.0720000267028809,2792470,1.100000023841858
2023-01-05,1.100000023841858,1.128999948501587,1.090000033378601,3771459,1.128999948501587
2023-01-09,1.1345000267028809,1.1480000019073486,1.121000051498413,7812915,1.1480000019073486
2023-01-10,1.1480000019073486,1.1575000286102295,1.1360000371932983,5904198,1.1419999599456787
2023-01-11,1.1419999599456787,1.153499960899353,1.128999948501587,5614564,1.1490000486373901
2023-01-12,1.1490000486373901,1.152999997138977,1.1390000581741333,2817735,1.152999997138977
2023-01-13,1.149999976158142,1.159999966621399,1.1464999914169312,2873827,1.149999976158142
2023-01-16,1.159000039100647,1.1799999475479126,1.149999976158142,17706614,1.1799999475479126
2023-01-17,1.1890000104904175,1.1890000104904175,1.1699999570846558,7459410,1.1770000457763672
2023-01-18,1.1770000457763672,1.1885000467300415,1.1679999828338623,15858636,1.1799999475479126
2023-01-19,1.1684999465942383,1.1684999465942383,1.1460000276565552,8568402,1.1540000438690186
2023-01-20,1.152500033378601,1.1770000457763672,1.152500033378601,2350982,1.1770000457763672
2023-01-23,1.1790000200271606,1.2029999494552612,1.1775000095367432,6151973,1.1990000009536743
2023-01-24,1.1990000009536743,1.2035000324249268,1.1519999504089355,7730753,1.1699999570846558
2023-01-25,1.1619999408721924,1.1720000505447388,1.1390000581741333,2817102,1.156000018119812
2023-01-26,1.1640000343322754,1.183500051498413,1.1640000343322754,3236136,1.1740000247955322
2023-01-27,1.1890000104904175,1.1950000524520874,1.1749999523162842,2723602,1.190999984741211
2023-01-30,1.1994999647140503,1.2015000581741333,1.1799999475479126,3851023,1.2015000581741333
2023-01-31,1.2000000476837158,1.2480000257492065,1.190999984741211,11219265,1.2400000095367432
2023-02-01,1.25,1.2855000495910645,1.2450000047683716,7330390,1.2855000495910645
2023-02-02,1.3194999694824219,1.3259999752044678,1.3020000457763672,8778334,1.3200000524520874
2023-02-03,1.3250000476837158,1.343999981880188,1.315999984741211,18897162,1.3200000524520874
2023-02-06,1.3200000524520874,1.3459999561309814,1.3105000257492065,6027143,1.3355000019073486
2023-02-07,1.3355000019073486,1.350000023841858,1.309999942779541,6817481,1.315999984741211
2023-02-08,1.3200000524520874,1.3494999408721924,1.3174999952316284,3715437,1.3494999408721924
2023-02-09,1.3539999723434448,1.3700000047683716,1.3224999904632568,7447011,1.3700000047683716
2023-02-10,1.3700000047683716,1.371000051498413,1.3539999723434448,5705858,1.3669999837875366
2023-02-13,1.3669999837875366,1.4299999475479126,1.3565000295639038,7985923,1.3839999437332153
2023-02-14,1.3839999437332153,1.3884999752044678,1.3359999656677246,8183178,1.3580000400543213
2023-02-15,1.3580000400543213,1.3734999895095825,1.3105000257492065,6860976,1.3300000429153442
2023-02-16,1.3300000429153442,1.346500039100647,1.3040000200271606,3531307,1.3075000047683716
2023-02-17,1.312000036239624,1.375,1.3005000352859497,5283770,1.375
2023-02-20,1.375,1.4450000524520874,1.375,6600291,1.4450000524520874
2023-02-21,1.4329999685287476,1.4674999713897705,1.4249999523162842,5309763,1.4674999713897705
2023-02-22,1.4600000381469727,1.4670000076293945,1.3980000019073486,9521532,1.3980000019073486
2023-02-23,1.399999976158142,1.4179999828338623,1.372499942779541,6287433,1.3940000534057617
2023-02-24,1.399999976158142,1.4149999618530273,1.3799999952316284,4739507,1.399999976158142
2023-02-28,1.399999976158142,1.4520000219345093,1.3799999952316284,11012861,1.4520000219345093
2023-03-01,1.4420000314712524,1.493499994277954,1.4119999408721924,5332862,1.4594999551773071
2023-03-02,1.4234999418258667,1.468500018119812,1.4149999618530273,7926553,1.4600000381469727
2023-03-03,1.4600000381469727,1.4744999408721924,1.4259999990463257,6079366,1.4559999704360962
2023-03-06,1.4220000505447388,1.4285000562667847,1.3799999952316284,9517020,1.406499981880188
2023-03-07,1.406499981880188,1.406499981880188,1.3539999723434448,8378999,1.3899999856948853
2023-03-08,1.3899999856948853,1.3899999856948853,1.3489999771118164,6430149,1.3730000257492065
2023-03-09,1.3730000257492065,1.3990000486373901,1.3634999990463257,3400488,1.3730000257492065
2023-03-10,1.340000033378601,1.3530000448226929,1.2920000553131104,9272073,1.2999999523162842
2023-03-13,1.2649999856948853,1.3285000324249268,1.2209999561309814,9362827,1.2964999675750732
2023-03-14,1.2955000400543213,1.3945000171661377,1.2795000076293945,5648188,1.3545000553131104
2023-03-15,1.3880000114440918,1.3880000114440918,1.2259999513626099,10944724,1.2300000190734863
2023-03-16,1.2690000534057617,1.277999997138977,1.225000023841858,8735223,1.2395000457763672
2023-03-17,1.2595000267028809,1.3140000104904175,1.2009999752044678,21100341,1.2135000228881836
2023-03-20,1.1920000314712524,1.2619999647140503,1.1640000343322754,11463525,1.2374999523162842
2023-03-21,1.2740000486373901,1.3170000314712524,1.2719999551773071,4244154,1.2949999570846558
2023-03-22,1.309999942779541,1.3135000467300415,1.2630000114440918,3567016,1.2699999809265137
2023-03-23,1.2699999809265137,1.2795000076293945,1.253999948501587,3275053,1.2619999647140503
2023-03-24,1.2519999742507935,1.253999948501587,1.1725000143051147,7808658,1.190000057220459
2023-03-27,1.2000000476837158,1.2369999885559082,1.184999942779541,4896901,1.225000023841858
2023-03-28,1.2350000143051147,1.2419999837875366,1.2059999704360962,3570517,1.2285000085830688
2023-03-29,1.222000002861023,1.2480000257492065,1.1990000009536743,6681783,1.215000033378601
2023-03-30,1.2389999628067017,1.2484999895095825,1.212499976158142,5173262,1.225000023841858
2023-03-31,1.215999960899353,1.2400000095367432,1.2035000324249268,5081703,1.2170000076293945
2023-04-03,1.2300000190734863,1.247499942779541,1.2295000553131104,4706119,1.2339999675750732
2023-04-04,1.247499942779541,1.2660000324249268,1.2400000095367432,7387654,1.2580000162124634
2023-04-05,1.2569999694824219,1.2589999437332153,1.2400000095367432,3705960,1.2549999952316284
2023-04-06,1.25,1.25,1.2200000286102295,2526423,1.2330000400543213
2023-04-11,1.2595000267028809,1.2675000429153442,1.2419999837875366,8032957,1.25
2023-04-12,1.2599999904632568,1.2625000476837158,1.250499963760376,2664100,1.2580000162124634
2023-04-13,1.2599999904632568,1.2799999713897705,1.2430000305175781,13590618,1.2764999866485596
2023-04-18,1.2949999570846558,1.3450000286102295,1.2910000085830688,10920965,1.3380000591278076
2023-04-19,1.3450000286102295,1.3450000286102295,1.3194999694824219,3048203,1.3259999752044678
2023-04-20,1.3289999961853027,1.343500018119812,1.3105000257492065,4070400,1.340000033378601
2023-04-21,1.340000033378601,1.3860000371932983,1.3315000534057617,3988237,1.3634999990463257
2023-04-24,1.3580000400543213,1.375,1.3305000066757202,2220935,1.3504999876022339
2023-04-25,1.340000033378601,1.3489999771118164,1.312000036239624,10390528,1.3259999752044678
2023-04-26,1.30649995803833,1.3489999771118164,1.2869999408721924,3946357,1.340000033378601
2023-04-27,1.3244999647140503,1.3569999933242798,1.3229999542236328,921431,1.3229999542236328
2023-04-28,1.3300000429153442,1.350000023841858,1.2699999809265137,4372788,1.2799999713897705
2023-05-02,1.2719999551773071,1.2899999618530273,1.2319999933242798,4832439,1.2599999904632568
2023-05-03,1.2649999856948853,1.3109999895095825,1.2599999904632568,2398068,1.309999942779541
2023-05-04,1.2925000190734863,1.3359999656677246,1.284999966621399,3366925,1.3309999704360962
2023-05-05,1.3255000114440918,1.3489999771118164,1.3255000114440918,5294288,1.340000033378601
2023-05-08,1.3580000400543213,1.399999976158142,1.3344999551773071,2745335,1.3934999704360962
2023-05-09,1.3990000486373901,1.4285000562667847,1.3765000104904175,3599047,1.4199999570846558
2023-05-10,1.409999966621399,1.4424999952316284,1.3940000534057617,6581364,1.4424999952316284
2023-05-11,1.4420000314712524,1.4470000267028809,1.3865000009536743,4330320,1.4114999771118164
2023-05-12,1.399999976158142,1.399999976158142,1.3734999895095825,3339290,1.3739999532699585
2023-05-15,1.3899999856948853,1.3930000066757202,1.3630000352859497,4730186,1.3650000095367432
2023-05-16,1.3650000095367432,1.4450000524520874,1.3515000343322754,5800372,1.437000036239624
2023-05-17,1.437999963760376,1.44350004196167,1.4229999780654907,2568582,1.430999994277954
2023-05-18,1.4500000476837158,1.4500000476837158,1.4210000038146973,3657691,1.434999942779541
2023-05-19,1.4270000457763672,1.4500000476837158,1.4170000553131104,7959185,1.4470000267028809
2023-05-22,1.600000023841858,1.7200000286102295,1.5635000467300415,18930084,1.5700000524520874
2023-05-23,1.5800000429153442,1.6469999551773071,1.5499999523162842,7647957,1.555999994277954
2023-05-24,1.5399999618530273,1.559999942779541,1.4930000305175781,7641052,1.4930000305175781
2023-05-25,1.4930000305175781,1.5299999713897705,1.4919999837875366,5182193,1.5
2023-05-26,1.527999997138977,1.5694999694824219,1.5180000066757202,4580469,1.5394999980926514
2023-05-29,1.5694999694824219,1.5694999694824219,1.5199999809265137,2605793,1.5234999656677246
2023-05-30,1.5290000438690186,1.5290000438690186,1.465000033378601,3517992,1.4880000352859497
2023-05-31,1.4759999513626099,1.503999948501587,1.4585000276565552,11294296,1.4600000381469727
2023-06-01,1.465000033378601,1.5075000524520874,1.4559999704360962,4030513,1.4600000381469727
2023-06-02,1.4600000381469727,1.4900000095367432,1.4539999961853027,5968903,1.4539999961853027
2023-06-06,1.4544999599456787,1.5169999599456787,1.4539999961853027,7840637,1.499500036239624
2023-06-07,1.5,1.5470000505447388,1.5,6716796,1.5245000123977661
2023-06-08,1.5269999504089355,1.534999966621399,1.4900000095367432,5820920,1.5
2023-06-09,1.5069999694824219,1.5384999513626099,1.4915000200271606,5332769,1.5019999742507935
2023-06-12,1.5199999809265137,1.569000005722046,1.5125000476837158,6934241,1.5299999713897705
2023-06-13,1.5379999876022339,1.5464999675750732,1.5069999694824219,2888847,1.5264999866485596
2023-06-14,1.5299999713897705,1.5399999618530273,1.5160000324249268,3289203,1.530500054359436
2023-06-15,1.530500054359436,1.5449999570846558,1.5110000371932983,3701570,1.5449999570846558
2023-06-16,1.5499999523162842,1.562999963760376,1.5225000381469727,9798631,1.5464999675750732
2023-06-19,1.5499999523162842,1.5499999523162842,1.5119999647140503,2430707,1.5190000534057617
2023-06-20,1.5190000534057617,1.5199999809265137,1.4865000247955322,3058878,1.506500005722046
2023-06-21,1.50600004196167,1.5184999704360962,1.496000051498413,9924702,1.496999979019165
2023-06-22,1.496999979019165,1.4980000257492065,1.4509999752044678,7014226,1.4700000286102295
2023-06-23,1.4700000286102295,1.5054999589920044,1.4700000286102295,5414073,1.4900000095367432
2023-06-26,1.4924999475479126,1.4924999475479126,1.409999966621399,7631164,1.4500000476837158
2023-06-27,1.4424999952316284,1.4789999723434448,1.4299999475479126,3811475,1.4420000314712524
2023-06-28,1.4500000476837158,1.472000002861023,1.4264999628067017,18007795,1.4605000019073486
2023-06-29,1.5,1.5535000562667847,1.5,13508271,1.5299999713897705
2023-06-30,1.5509999990463257,1.5509999990463257,1.503000020980835,5165387,1.5089999437332153
2023-07-03,1.5494999885559082,1.5494999885559082,1.5149999856948853,3548081,1.531000018119812
2023-07-04,1.531000018119812,1.5520000457763672,1.5199999809265137,2946417,1.5509999990463257
2023-07-05,1.5499999523162842,1.559000015258789,1.5269999504089355,3250514,1.5470000505447388
2023-07-06,1.5234999656677246,1.5549999475479126,1.5110000371932983,3164808,1.5514999628067017
2023-07-07,1.5499999523162842,1.5540000200271606,1.5299999713897705,2796029,1.5484999418258667
2023-07-10,1.5514999628067017,1.56850004196167,1.5399999618530273,3335814,1.5420000553131104
2023-07-11,1.5544999837875366,1.6160000562667847,1.5544999837875366,5561419,1.5950000286102295
2023-07-12,1.6180000305175781,1.6634999513626099,1.5850000381469727,6939283,1.6414999961853027
2023-07-13,1.659999966621399,1.659999966621399,1.5954999923706055,3467154,1.6269999742507935
2023-07-14,1.6369999647140503,1.6514999866485596,1.6089999675750732,3473839,1.6514999866485596
2023-07-17,1.6410000324249268,1.6514999866485596,1.596500039100647,2591114,1.5985000133514404
2023-07-18,1.5980000495910645,1.6579999923706055,1.5835000276565552,4132453,1.6295000314712524
2023-07-19,1.6295000314712524,1.652999997138977,1.6200000047683716,5128713,1.6299999952316284
2023-07-20,1.6299999952316284,1.649999976158142,1.6239999532699585,4505246,1.6354999542236328
2023-07-21,1.6354999542236328,1.6404999494552612,1.6200000047683716,2184057,1.6200000047683716
2023-07-24,1.6109999418258667,1.6384999752044678,1.5920000076293945,2758972,1.6299999952316284
2023-07-25,1.6449999809265137,1.6519999504089355,1.6200000047683716,3910060,1.6200000047683716
2023-07-26,1.6349999904632568,1.6369999647140503,1.600000023841858,8740697,1.6180000305175781
2023-07-27,1.6180000305175781,1.628999948501587,1.600000023841858,5135714,1.6004999876022339
2023-07-28,1.6100000143051147,1.6100000143051147,1.559999942779541,4340571,1.5800000429153442
2023-07-31,1.600000023841858,1.622499942779541,1.5800000429153442,5511747,1.587499976158142
2023-08-01,1.6100000143051147,1.6150000095367432,1.5540000200271606,5303275,1.5700000524520874
2023-08-02,1.5479999780654907,1.5520000457763672,1.5019999742507935,4336377,1.5490000247955322
2023-08-03,1.5490000247955322,1.5570000410079956,1.5160000324249268,3578732,1.5490000247955322
2023-08-04,1.558500051498413,1.5894999504089355,1.5529999732971191,4263124,1.5894999504089355
